,,Video,Views,Likes
1,NEW,Rap Viá»t MÃ¹a 3 - Táº­p 16: Trá»±c tiáº¿p ÄÃªm CÃ´ng bá» & Trao giáº£i - Ai sáº½ lÃ  QuÃ¡n quÃ¢n? | Rap Viá»t 2023,"6,644,656","95,957"
2,+1,Heeriye (Official Video) Jasleen Royal ft Arijit Singh| Dulquer Salmaan| Aditya Sharma |Taani Tanvir,"3,822,554","46,165"
3,+1,ME AJUDA A TE ESQUECER l Eduardo Costa l  (Clipe Oficial),"3,735,331","4,420"
4,+11,RIIZE ë¼ì´ì¦ 'Get A Guitar' MV,"3,654,698","8,634"
5,+18,íì¬ (HWASA) - 'I Love My Body' MV,"3,427,634","122,612"
6,+3,KAROL G - MI EX TENÃA RAZÃN (Official Video),"3,295,953","10,077"
7,+4,Myke Towers - Lala (Video Oficial),"3,126,396","9,588"
8,-6,V 'Slow Dancing' Official MV,"2,937,209","206,560"
9,+20,BOYNEXTDOOR (ë³´ì´ë¥ì¤í¸ëì´) 'ë­£ ê°ì' Official MV,"2,921,261","4,455"
10,+4,Grupo Frontera x Grupo Firme - EL AMOR DE SU VIDA (Video Oficial) | El Comienzo,"2,783,469","7,663"
11,NEW,Baby Boss - Dance Monkey (cute funny baby) #babyboss #babydance,"2,701,872","7,854"
12,+1,"Por Mi Mexico Remix ð²ð½ - Lefty SM, Santa Fe Klan, Dharius, C-Kan, MC Davo & Neto PeÃ±a","2,668,658","32,413"
13,+4,Yng Lvcas & Peso Pluma - La Bebe (Remix) [Video Oficial],"2,638,568","6,136"
14,+7,Grupo Frontera x Bad Bunny - UN X100TO (Video Oficial) | El Comienzo,"2,637,383","4,827"
15,+1,"Jawan: Chaleya (Hindi) | Shah Rukh Khan | Nayanthara | Atlee | Anirudh | Arijit S, Shilpa R | Kumaar","2,577,538","42,683"
16,-11,Cardi B - Bongos (feat. Megan Thee Stallion) [Official Music Video],"2,430,447","63,969"
17,+2,Carin Leon - Primera Cita [Official Video],"2,397,007","7,119"
18,+14,Jee Ni Lagda (Full Video) Karan Aujla I Making Memories I  Latest Punjabi Songs 2023,"2,336,662","15,697"
19,+27,Gusttavo Lima - Adivinha | DVD ParaÃ­so Particular,"2,329,459","6,357"
20,+5,Myke Towers - LALA (Lyric Video),"2,237,890","5,378"
21,-20,Judaiyaan - Abhishek Malhan | Jiya Shankar | Tanveer Evan | Rajat Nagpal  Gurinder Bawa| Anshul Garg,"2,133,561","146,875"
22,+5,What Jhumka? | Rocky Aur Rani Kii Prem Kahaani | Ranveer | Alia | Pritam | Amitabh | Arijit | Jonita,"2,065,483","8,451"
23,+8,Nio Garcia - Como Antes (Video Oficial),"2,061,177","9,425"
24,-6,Guli Mata - Saad Lamjarred | Shreya Ghoshal | Jennifer Winget | Anshul Garg,"2,049,956","29,725"
25,-13,à¤¶à¥à¤°à¥ à¤¹à¤¨à¥à¤®à¤¾à¤¨ à¤à¤¾à¤²à¥à¤¸à¤¾ ðºð| Shree Hanuman Chalisa Original Video |ððº| GULSHAN KUMAR | HARIHARAN |Full HD,"2,036,212","10,983"
26,+10,"Yuridia, Angela Aguilar - QuÃ© AgonÃ­a (Video Oficial)","2,030,428","2,435"
27,+18,"Luck Ra, BM - LA MOROCHA","1,966,360","4,455"
28,+2,"KAROL G, Peso Pluma - QLONA (Visualizer)","1,931,430","7,802"
29,+6,"Feid, Young Miko - Classy 101 (Official Video)","1,921,341","5,385"
30,-8,"Apney Pyar Ke Sapney | Stebin Ben, Heer Achhra | Arko, RD Burman, Anand Bakshi | Zee Music Originals","1,907,844","9,410"
31,+7,"Bad Gyal, Young Miko, Tokischa - Chulo pt.2 - (Official Video)","1,889,122","8,879"
32,+616,OTRA VEZ - KEVIN ROLDAN (OFFICIAL VIDEO),"1,836,521","9,799"
33,+6,Crazy Frog - Axel F (Official Video),"1,813,679","5,372"
34,-6,Doja Cat - Paint The Town Red (Official Video),"1,781,376","33,082"
35,+94,Marshmello - FLY (Official Music Video),"1,745,484",83
36,-2,Jawan: Not Ramaiya Vastavaiya | Shah Rukh Khan | Atlee | Anirudh | Nayanthara | Vishal D | Shilpa R,"1,740,246","25,199"
37,=,Gusttavo Lima - DESEJO IMORTAL (Ao vivo no MineirÃ£o),"1,731,240","3,419"
38,-12,ì êµ­ (Jung Kook) 'Seven (feat. Latto)' Official MV,"1,726,987","14,845"
39,+3,JAILER - Kaavaalaa Lyric Video | Superstar Rajinikanth | Sun Pictures | Anirudh | Nelson | Tamannaah,"1,693,531","7,743"
40,+4,Ana Castela - Solteiro ForÃ§ado (DVD Boiadeira Internacional),"1,678,047","5,550"
41,+20,Gusttavo Lima - Canudinho Part. Ana Castela | DVD ParaÃ­so Particular,"1,653,514","6,731"
42,-32,(MV)LEE CHAE YEON(ì´ì±ì°)_LET'S DANCE,"1,652,789","11,098"
43,=,"KAROL G, Shakira - TQG (Official Video)","1,651,334","3,782"
44,+7,Grupo Frontera x Ke Personajes - OJITOS ROJOS (Video Oficial) | El Comienzo,"1,616,941","3,392"
45,-4,Que Onda,"1,590,145","14,180"
46,+1,"LADY GAGA (Video Oficial) - Peso Pluma, Gabito Ballesteros, Junior H","1,579,123","6,245"
47,+11,Ella Baila Sola - (Video Oficial) - Eslabon Armado y Peso Pluma - DEL Records 2023,"1,542,249","5,956"
48,+6,"Peso Pluma, Grupo Frontera - TULUM (Video Oficial)","1,528,805","3,898"
49,=,"Kevin O Chris, DJ Nk da Serra - Faz um Vuk Vuk (Teto Espelhado) [Clipe Oficial]","1,526,660","4,371"
50,-30,JAMNA PAAR - Tony Kakkar ft. Manisha Rani | Neha Kakkar | Tony Jr.| Adil Shaikh,"1,516,366","55,005"
51,-11,"Rema, Selena Gomez - Calm Down (Official Music Video)","1,481,589","6,912"
52,=,"Guilherme e Benuto, Simone Mendes - Manda um Oi | DVD Deu Rolo de Novo","1,475,547","3,070"
53,+29,Ke Personajes Ft  Onda Sabanera | Pobre CorazÃ³n,"1,456,808","2,006"
54,+3,"Dentro da Hilux - Luan Pereira, Mc Daniel, Mc Ryan SP | Ecoando Amazon Music Brasil","1,426,295","8,595"
55,+17,ZÃ© Neto e Cristiano - Oi Balde - #Escolhas,"1,411,330","1,818"
56,+17,"Grupo Firme - Gerardo Coronel ""El Jerry"" - QuÃ© Onda Perdida (Video Oficial)","1,409,904","2,902"
57,+44,"IÌcaro e Gilmar, Hugo e Guilherme - Logo logo  [ DvD Nunca deixe de sonhar ]","1,380,972",392
58,+17,"Ulises Bueno, Rusherking, Big One - Mentiras | CROSSOVER #3","1,380,853","1,913"
59,+15,Yahritza Y Su Esencia & Grupo Frontera - FrÃ¡gil (Official Lyric Video),"1,339,042","2,397"
60,-54,"SIMROON TERA NAAM: Yaariyan 2 | Divya Khosla K, Yash |Manan, Sachet| Radhika R, Vinay S | Bhushan K","1,330,903","5,312"
61,-13,MISAMO âDo not touchâ M/V,"1,327,584","4,217"
62,-7,"Jhoome Jo Pathaan Song | Shah Rukh Khan, Deepika | Vishal & Sheykhar, Arijit Singh, Sukriti, Kumaar","1,325,628","4,438"
63,+2,JAILER - Hukum Lyric Video | Superstar Rajinikanth | Sun Pictures | Anirudh | Nelson,"1,307,869","8,511"
64,-1,"Naiara Azevedo, Kadu Martins - SÃ³ me usou [ Clipe Oficial ]","1,293,425",211
65,+3,"BIPOLAR (Video Oficial) - Peso Pluma, Jasiel NuÃ±ez, Junior H","1,282,416","31,575"
66,-2,"Los Del Espacio - LIT killah, Duki, Emilia, Tiago PZK, FMK, Rusherking, Maria Becerra, Big One","1,275,020","3,820"
67,-43,"Wisin, Omar Courtz - Cuerpo a Cuerpo (Official Video)","1,274,569","3,357"
68,+17,Carin Leon x Grupo Frontera - QUE VUELVAS (Video Oficial) | El Comienzo,"1,266,382","2,075"
69,-7,Aqua - Barbie Girl (Official Music Video),"1,266,092","6,224"
70,=,Dilan Polat - Enercii,"1,258,728","4,149"
71,-12,"Main Nikla Gaddi Leke | Gadar 2 | Sunny Deol, Ameesha P, Utkarsh| Mithoon, Udit N, Aditya N| Uttam S","1,237,277","7,576"
72,+5,Maria Becerra - CORAZÃN VACÃO (Official Video),"1,224,317","2,413"
73,+53,Simone Mendes - ERRO GOSTOSO (DVD CINTILANTE),"1,206,572","2,830"
74,+17,AgroPlay VerÃ£o - Nosso Quadro @anacastelaoficial,"1,201,505","4,502"
75,+39,"Israel & Rodolffo, @MariFernandez - Seu Brilho Sumiu  (Let's Bora)","1,199,494","1,473"
76,-26,YOASOBIãã¢ã¤ãã«ã Official Music Video,"1,186,371","6,013"
77,-69,"MORGENSHTERN - Ð§ÐÐ ÐÐ«Ð Ð Ð£Ð¡Ð¡ÐÐÐ (ÐÐ»Ð¸Ð¿, 2023)","1,185,005","70,193"
78,+2,The Gummy Bear Song - Long English Version,"1,182,406","2,019"
79,+4,"Ryan Castro, Peso Pluma - QUEMA ð¥ (Video Oficial)","1,168,102","4,129"
80,-24,The Weeknd - Save Your Tears (Official Music Video),"1,167,783","3,514"
81,+13,PSY - GANGNAM STYLE(ê°ë¨ì¤íì¼) M/V,"1,160,747","5,502"
82,-29,Assala - Al Aajab Fi Al Hawa | Lyrics Video 2023 | Ø£ØµØ§ÙØ© - Ø§ÙØ¹Ø¬Ø¨ ÙÙ Ø§ÙÙÙÙ,"1,153,576","2,189"
83,+40,"Ke Personajes, FMK, Big One - Un Finde | CROSSOVER #2","1,146,422","2,400"
84,+2,Jhayco - Holanda (Official Video),"1,145,966","4,448"
85,-7,JERE KLEIN & NICKI NICOLE - X ESO BB! (Video Oficial) | ENFASIS,"1,139,813",0
86,-17,BLACKPINK THE GAME - âTHE GIRLSâ MV,"1,122,150","15,223"
87,-20,Wiz Khalifa - See You Again ft. Charlie Puth [Official Video] Furious 7 Soundtrack,"1,120,715","6,334"
88,+19,LEO - Naa Ready Lyric Video | Thalapathy Vijay | Lokesh Kanagaraj | Anirudh Ravichander,"1,118,982","7,035"
89,+3,Columbia - Quevedo (Video Oficial),"1,097,300","3,919"
90,+8,Shakira - Waka Waka (This Time for Africa) (The Official 2010 FIFA World Cupâ¢ Song),"1,089,658","4,589"
91,+6,KAROL G - Amargura (Visualizer),"1,084,389","1,923"
92,-13,CantaJuego - Soy Una Taza (Version Mexico),"1,076,254",870
93,-12,Mark Ronson - Uptown Funk (Official Video) ft. Bruno Mars,"1,074,702","4,322"
94,-23,"Neela Nilave - Video Song | RDX | Kapil Kapilan | Sam CS | Shane Nigam,Antony Varghese,Neeraj Madhav","1,073,232","12,745"
95,+144,Busta Rhymes - LUXURY LIFE (Official Music Video) ft. Coi Leray,"1,069,698","10,074"
96,+137,"El Alfa ""El Jefe"" x Yaisel LM - EL DUEÃO DE LO CROKY","1,062,716","11,463"
97,+41,ZÃ© Neto e Cristiano - PÃ¡tio do Posto - #Escolhas,"1,062,486","1,841"
98,-5,"Zihaal e Miskin (Video) Javed-Mohsin | Vishal Mishra, Shreya Ghoshal | Rohit Z, Nimrit A | Kunaal V","1,061,972","7,108"
99,-15,NewJeans (ë´ì§ì¤) 'Super Shy' Official MV,"1,054,919","9,116"
100,+53,"Emilia, Callejero Fino, Big One - En La Intimidad | CROSSOVER #1","1,052,432","1,395"
101,-14,Badshah - Gone Girl (à¤²à¤¡à¤¼à¤à¥ à¤à¤¼à¤°à¤¾à¤¬) | Official Music Video | Payal Dev | Sakshi Vaidya,"1,043,484","10,523"
102,-13,Adele - Rolling in the Deep (Official Music Video),"1,037,767","4,228"
103,+1,"Tere Vaaste | Zara Hatke Zara Bachke | Vicky Kaushal, Sara Ali Khan, Varun J, Sachin-Jigar,Amitabh B","1,033,460","3,951"
104,-9,"Post Malone, Swae Lee - Sunflower (Spider-Man: Into the Spider-Verse)","1,027,660","4,021"
105,+29,"Los Ãngeles Azules, Maria Becerra - El Amor de Mi Vida","1,027,150","3,438"
106,-40,Oliver Anthony - Rich Men North Of Richmond,"1,026,653","10,611"
107,-8,50 Cent - In Da Club (Official Music Video),"1,013,591","5,079"
108,-12,Jawan: Zinda Banda Song |Shah Rukh Khan |Atlee |Anirudh |Nayanthara |Vijay Sethupathi |Deepika,"1,006,758","13,688"
109,+16,KAROL G - Provenza (Official Video),"1,006,489","1,593"
110,+23,ZÃ© Neto e Cristiano - Barulho do Foguete - #Escolhas,"1,002,815","1,500"
111,-35,Ahmed Saad - Ekhtayaraty | Official Music Video - 2023 | Ø§Ø­ÙØ¯ Ø³Ø¹Ø¯ - Ø§Ø®ØªÙØ§Ø±Ø§ØªÙ,"990,347","3,219"
112,+16,PESO PLUMA || BZRP Music Sessions #55,"986,831","2,993"
113,-10,"Dil Jhoom | Gadar 2 | Arijit Singh | Sunny Deol, Utkarsh Sharma, Simratt K | Mithoon, Sayeed Quadri","981,742","11,772"
114,-12,Miley Cyrus - Flowers (Official Video),"975,479","3,271"
115,+51,La 701,"966,372","3,533"
116,+28,"Emilia, Ludmilla, Zecca - No_se_ve.mp3 (Official Video)","966,181","2,358"
117,+10,La Bachata - MTZ Manuel Turizo | Video Oficial,"966,107","2,091"
118,+6,"SebastiÃ¡n Yatra, Manuel Turizo, BeÃ©le - VAGABUNDO (Official Video)","965,458","2,288"
119,NEW,Hungria Hip Hop - Atmosfera (Video Clipe Oficial) | #Atmosfera,"964,209","7,511"
120,-15,(ì¬ì)ìì´ë¤((G)I-DLE) - 'í¸ì¹´ (Queencard)' Official Music Video,"962,649","6,018"
121,+78,"La Konga, Luck Ra, Ke Personajes - YA NO VUELVAS (Video Oficial)","961,107","1,286"
122,-14,JISOO - âê½(FLOWER)â M/V,"960,834","5,222"
123,+18,KAROL G - S91 (Official Video),"958,776","2,673"
124,-24,Ed Sheeran - Shape of You (Official Music Video),"955,846","4,435"
125,-10,"Jay Wheeler, Anuel AA, Hades66 - Pacto (Remix) (Official Video) ft. Bryant Myers, Dei V","953,606","3,534"
126,-20,Central Cee x Dave - Sprinter [Music Video],"953,270","7,282"
127,+3,Shakira - AcrÃ³stico (Official Video),"948,817","3,802"
128,-12,4 Non Blondes - What's Up (Official Music Video),"929,006","2,915"
129,+27,Carin Leon - No Es Por AcÃ¡ (Video Oficial),"928,960","1,177"
130,-17,Coolio - Gangsta's Paradise (feat. L.V.) [Official Music Video],"922,756","6,158"
131,-10,Luis Fonsi - Despacito ft. Daddy Yankee,"917,145","5,405"
132,-12,a-ha - Take On Me (Official Video) [Remastered in 4K],"915,010","4,002"
133,-24,Eminem - Without Me (Official Music Video),"914,724","6,135"
134,+39,EL ALFA X Peso Pluma  - Plebada (Video Oficial),"908,823","4,039"
135,-102,"Guilherme e Benuto, Wesley SafadÃ£o - MilionÃ¡rio | DVD Deu Rolo de Novo","902,422","1,506"
136,+70,Los Ãngeles Azules - Nunca Es Suficiente ft. Natalia Lafourcade (Live),"900,646","1,717"
137,+5,Soolking ft. Gazo - Casanova [Clip Officiel],"898,802","4,566"
138,+45,Grupo Frontera - NO SE VA (Video Oficial) | El Comienzo,"889,819","1,914"
139,+46,"Naiara Azevedo, Ana Castela - PalhaÃ§a #DVDPlural","881,155","1,369"
140,+55,"Emanero, Ulises Bueno, Migrantes, Los Palmeras - ATORRANTE (Official Video)","879,075","1,854"
141,-10,Na Roja Nuvve | Kushi | Vijay Deverakonda | Samantha Ruth Prabhu | Hesham Abdul Wahab | Lyrical,"877,760","3,645"
142,+47,KAROL G - AMARGURA (En Vivo),"875,176","1,701"
143,-24,"Billie Eilish, Khalid - lovely (Official Music Video)","873,784","6,202"
144,+7,"Myke Towers, Farruko, Arcangel, Sech & Zion - Si Se Da Remix (Video Oficial)","870,043","1,329"
145,+20,Dennis e Kevin O Chris - TÃ OK (Clipe Oficial),"862,546","2,827"
146,+1,BLACKPINK - 'How You Like That' DANCE PERFORMANCE VIDEO,"862,195","4,052"
147,+16,Gusttavo Lima - Mala dos Porta Mala part. Matheus e Kauan | DVD ParaÃ­so Particular,"858,668","1,222"
148,+589,"KAROL G, Peso Pluma - QLONA (Letra/Lyrics)","857,220","2,715"
149,-1,"Maluma, Carin Leon - SegÃºn QuiÃ©n (Official Video)","855,829","4,299"
150,-33,CantaJuego - El Baile del Gorila,"849,586",883
151,+25,"Cartel de Santa, La Kelly - Shorty Party (Video Oficial)","849,248","2,310"
152,-40,Ed Sheeran - Perfect (Official Music Video),"847,281","4,828"
153,+1,El Chombo - Dame Tu Cosita feat. Cutty Ranks (Official Video) [Ultra Records],"844,519","2,546"
154,-32,David Kushner - Daylight (Official Music Video),"843,698","11,585"
155,+13,"Tere Vaaste | Full Video | Zara Hatke Zara Bachke | Vicky, Sara, Varun J, Sachin-Jigar, Amitabh B","842,540","2,056"
156,-45,Taylor Swift - Blank Space,"841,496","4,036"
157,-22,Bruno Mars - The Lazy Song (Official Music Video),"839,981","3,850"
158,-19,"Vulgo FK, MC PH, Veigh - Ballena (Clipe Oficial)","838,923","3,776"
159,NEW,Prakash Saput new song - Jale Rumal Fatyo - Samikshya Adhikari â¢ Swastima Khadka â¢ Aanchal Sharma,"833,845","92,177"
160,-3,Nicki Minaj & Ice Spice â Barbie World (with Aqua) [Official Music Video],"832,773","5,871"
161,+37,Calibre 50 - Si Te Pudiera Mentir (LETRA),"832,724","1,299"
162,-16,"Udd Jaa Kaale Kaava | Gadar 2 | Sunny Deol, Ameesha | Mithoon, Udit N, Alka Y | Uttam S,Anand Bakshi","826,137","5,574"
163,-27,Michael Jackson - Billie Jean (Official Video),"825,384","4,640"
164,-14,Dua Lipa - Dance The Night (From Barbie The Album) [Official Music Video],"807,267","6,179"
165,NEW,Jaan Vaariye (Official Video) Arjan Dhillon | The Kidd | New Punjabi Songs 2023,"795,760","5,354"
166,+57,Aventura - Ella y Yo (ft. Don Omar),"792,672","1,533"
167,+80,Maiara e Maraisa - A Culpa Ã Nossa - DVD Identidade,"785,601","1,301"
168,-36,Numb (Official Music Video) [4K UPGRADE] â Linkin Park,"783,225","3,076"
169,+89,MarÃ­lia MendonÃ§a - LeÃ£o - Decretos Reais,"782,899","1,590"
170,-8,Maluma - Sobrio (Official Video),"781,171",811
171,+22,Eagles - Hotel California (Live 1977) (Official Video) [HD],"777,007","3,061"
172,+6,"Yandel, Feid  - Yandel 150 (Video Oficial)","776,989","1,458"
173,+57,"Peso Pluma, Natanael Cano - PRC (Video Oficial)","771,532","2,352"
174,+14,"Apna Bana Le - Bhediya | Varun Dhawan, Kriti Sanon| Sachin-Jigar, Arijit Singh, Amitabh Bhattacharya","770,871","3,503"
175,-15,Harry Styles - As It Was (Official Video),"765,948","2,460"
176,+39,KAROL G - WATATI (feat. Aldo Ranks) (From Barbie The Album) [Official Music Video],"762,986","2,366"
177,-19,Imagine Dragons - Believer (Official Music Video),"757,497","3,431"
178,+32,Christian Nodal - Ya No Somos Ni Seremos (Letra / Lyrics),"755,178",703
179,-18,"Chal Tere Ishq Mein (Female)- Gadar 2 |Utkarsh Sharma,Simratt Kaur |Vishal M,Mithoon,Neeti,Sayeed","750,573","7,698"
180,+94,Fuerza Regida x Grupo Frontera - Bebe Dame,"744,573","1,808"
181,+61,Natanael Cano - Mi Bello Angel [Official Video],"743,377","2,577"
182,+66,Grupo Frontera - LE VA DOLER (Video Oficial) | El Comienzo,"742,377","1,319"
183,+71,"LADY GAGA (Visualizer) - Peso Pluma, Gabito Ballesteros, Junior H","742,224","1,471"
184,+51,RUBICON (Lyric Video) - Peso Pluma,"738,104","2,072"
185,-18,Major Lazer & DJ Snake - Lean On (feat. MÃ) (Official Music Video),"738,093","2,585"
186,-4,Kya Loge Tum | Akshay Kumar | Amyra Dastur | BPraak | Jaani | Arvindr Khaira | Zohrajabeen,"735,564","3,622"
187,-1,"Besharam Rang Song | Pathaan | Shah Rukh Khan, Deepika Padukone | Vishal & Sheykhar | Shilpa, Kumaar","735,267","1,963"
188,+120,"Gerardo Coronel ""El Jerry""  - Te felicito  [Video Oficial 2022]","732,995","1,438"
189,+30,King of Kotha - Kalapakkaara Video | Dulquer Salmaan | Abhilash Joshiy | Jakes Bejoy,"732,782","7,595"
190,-11,#Video | #Pawan Singh | à¤°à¤¾à¤à¤¾ à¤à¥ | Raja Ji | #Shivani Singh | Aastha Singh | Bhojpuri Hit Song,"731,139","3,529"
191,-16,A.L.A - Noss Ellil (Official Music Video),"728,674","9,901"
192,-40,In The End [Official HD Music Video] - Linkin Park,"727,883","3,534"
193,+19,Lady Gaga - Bloody Mary (TikTok Remix | Speed Up) | Wednesday Dance Scene,"727,827","2,770"
194,-54,SixTONES â ãã£ãã [YouTube ver.],"727,576",0
195,-21,La Oreja de Van Gogh - Rosas (VÃ­deo Oficial),"725,459","1,463"
196,+63,Picus - SÃPER ULTRA MEGA (Video Oficial),"725,230","5,319"
197,-13,BLACKPINK - âPink Venomâ M/V,"723,801","3,059"
198,+86,Fuerza Regida - SABOR FRESA [Official Video],"720,403","2,365"
199,-30,JoÃ£o Neto e Frederico part. Maiara e Maraisa - Enganada Diferente (DVD 25 ANOS - AO VIVO),"720,165",801
200,-30,Tom Odell - Another Love (Official Video),"719,895","5,531"
201,+4,"Marshmello, Manuel Turizo - El Merengue (Official Video)","717,933","1,822"
202,-21,Rag'n'Bone Man - Human (Official Video),"714,850","3,511"
203,-9,LP - Lost On You (Live),"712,894","2,281"
204,+17,"Kanhaiya Twitter Pe Aaja Song | The Great Indian Family | Vicky Kaushal | Pritam, Nakash, Amitabh","712,188",689
205,+47,Bad Bunny (ft. Chencho Corleone) - Me Porto Bonito (Video Oficial) | Un Verano Sin Ti,"708,566","1,441"
206,-9,Ãengo Flow - EscÃ¡ndalo (Video Oficial),"708,489","5,567"
207,-17,Ayra Starr - Rush (Official Music Video),"707,275","2,580"
208,+24,Madonna - La Isla Bonita (Official Video),"705,730","1,993"
209,+15,Nelly - Dilemma (Official Music Video) ft. Kelly Rowland,"702,631","2,962"
210,-61,GHEA INDRAWARI - JIWA YANG BERSEDIH (OFFICIAL MUSIC VIDEO),"697,951","5,382"
211,+40,Smolasty & Doda - Nim Zajdzie SÅoÅce [Official Music Video],"694,092","1,836"
212,+77,Junior H con Banda - El Hijo Mayor [En Vivo],"692,526","1,327"
213,+87,Fuerza Regida x Natanael Cano - CH Y LA PIZZA [Official Video],"691,145","1,175"
214,-37,Eminem - Mockingbird [Official Music Video],"689,827","5,627"
215,-8,Katy Perry - Roar,"689,165","2,557"
216,+2,ROSALÃA - DESPECHÃ (Official Video),"688,792","1,080"
217,+10,Whitney Houston - I Will Always Love You (Official 4K Video),"687,839","3,267"
218,-27,Radiohead - Creep,"685,999","3,086"
219,-19,Chefin ft. Oruam - DO SEU LADO (prod. Ajaxx),"685,559","4,301"
220,-110,LuÃ­sa Sonza - Chico (Visualizer),"684,924","27,183"
221,+78,"Maria Becerra, RÃ¡faga - ADIÃS (Live Session)","684,234","1,104"
222,+70,I Don't Want To Talk About It (from One Night Only! Rod Stewart Live at Royal Albert Hall),"681,570","1,821"
223,-59,Lewis Capaldi - Someone You Loved,"681,421","4,174"
224,+13,Feid - Normal (Official Video),"679,937",980
225,-33,Libianca - People (Official Video),"679,297","3,707"
226,-39,Evanescence - Bring Me To Life (Official Music Video),"678,373","3,518"
227,-55,Passenger | Let Her Go (Official Video),"675,646","3,478"
228,NEW,Peso Pluma - Ultimo AdiÃ³sðï¸ ft. Santa Fe Klan & Lefty Sm (Video Musical) [HOMENAJE A LEFTY SM],"675,590","10,928"
229,+197,Gusttavo Lima - Oi Vida part. Wesley SafadÃ£o | DVD ParaÃ­so Particular,"675,499","1,084"
230,+45,"Shakira, Manuel Turizo - Copa VacÃ­a (Official Video)","670,184","2,064"
231,-20,The Police - Every Breath You Take (Official Music Video),"667,053","2,408"
232,-77,OneRepublic - Counting Stars,"664,924","2,693"
233,-31,Bruno Mars - Thatâs What I Like [Official Music Video],"663,643","4,090"
234,-38,Dua Lipa - New Rules (Official Music Video),"663,383","2,033"
235,+52,Mood Malandro â Codigo FN & Gabito Ballesteros (Video Oficial),"662,171","2,924"
236,+5,HA-ASH - Lo AprendÃ­ de Ti (Primera Fila - Hecho Realidad [En Vivo]),"661,693","1,066"
237,NEW,1200 Koni w nowej Toyocie Suprze 2jz! - 10 miesiÄcy budowy W JEDEN FILM!,"659,860","65,468"
238,+105,Dame Un Beso Y Dime Adios - Carin Leon Ft. Grupo Yndio,"659,084","1,244"
239,+142,Tayrone - CÃª TÃ¡ Preparada (Ao Vivo Em GoiÃ¢nia / 2021) ft. MarÃ­lia MendonÃ§a,"657,847",782
240,-32,Katy Perry - Dark Horse ft. Juicy J,"656,212","3,220"
241,-24,KAROL G - EL BARCO,"643,606",818
242,-26,BLACKPINK - âShut Downâ M/V,"638,554","3,296"
243,-29,"Bum Bum Bole (Full Song) Film - Taare Zameen Par |  Shaan, Aamir Khan","637,640","1,510"
244,-85,Doja Cat - Demons (Official Video),"636,053","9,764"
245,+132,Emilia - GTA.mp3 (Official Video),"633,117","11,629"
246,-26,"The Weeknd, Ariana Grande - Die For You (Remix / Lyric Video)","631,674","2,076"
247,+21,Maria MarÃ§al - Deixa (Clipe Oficial MK Music),"631,224","2,556"
248,-44,ãAdoã å±,"628,430","17,223"
249,NEW,à¹à¸à¸´à¹à¸à¸à¹à¹à¸¡à¹à¸à¸à¸¹à¹à¸ªà¸²à¸§à¹à¸®à¸² - à¸¡à¸à¸à¹à¹à¸à¸ à¹à¸à¹à¸à¸à¸¹à¸ x à¸¥à¸³à¹à¸à¸¥à¸´à¸ à¸§à¸à¸¨à¸à¸£ãMV CUTDOWNã,"628,390","9,629"
250,-19,Alan Walker - Faded,"628,383","4,231"
251,+19,"Jhay Cortez, J. Balvin, Bad Bunny - No Me Conoce (Remix)","627,612","1,217"
252,-18,BLACKPINK - 'Kill This Love' M/V,"626,936","3,224"
253,+97,"BM, Callejero Fino, La Joaqui, Lola Ãndigo - M.A (Remix) [Prod Phontana, Alan Gomez] (Video Oficial)","626,679","1,174"
254,-18,"Stray Kids ""í¹(S-Class)"" M/V","624,367","4,573"
255,-75,Charlie Puth - We Don't Talk Anymore (feat. Selena Gomez) [Official Video],"621,885","2,308"
256,+50,Sean Paul - I'm Still In Love With You (Official Video),"619,635","3,016"
257,-28,Lady Gaga - Poker Face (Official Music Video),"619,101","2,872"
258,-2,Bad Bunny ft. Bomba EstÃ©reo - Ojitos Lindos (Video Oficial) | Un Verano Sin Ti,"618,286","1,489"
259,+53,Eden MuÃ±oz & Junior Hâ Abcdario (Video Oficial),"616,080","1,725"
260,=,LISA - 'MONEY' EXCLUSIVE PERFORMANCE VIDEO,"615,539","3,119"
261,+607,"Sittharala Sithravathi Lyrical Song | Aadikeshava |Panja Vaisshnav Tej, Sreeleela |GV Prakash Kumar","614,696","12,969"
262,-59,Maroon 5 - Girls Like You ft. Cardi B (Official Music Video),"610,474","1,920"
263,-6,George Michael - Careless Whisper (Official Video),"610,264","4,151"
264,+32,Feid - Feliz CumpleaÃ±os Ferxxo (Official Video),"609,295",786
265,-4,Anitta - Envolver [Official Music Video],"608,879","1,334"
266,+117,VEM MORENIN SATISFAZER A MORENA AQUI - MC Rica e Neno no Beat (Love Funk) VAI NO TOMA TOMA,"608,565","2,735"
267,+185,Grupo Firme -  Ya Superame - (Video Oficial),"605,417","1,120"
268,+92,Fuerza Regida - TQM [Official Video],"603,962","1,426"
269,-29,twenty one pilots: Stressed Out [OFFICIAL VIDEO],"601,942","2,403"
270,+20,Romeo Santos - La Diabla/Mi Santa ft. Tomatito,"601,702",761
271,-134,V 'Love Me Again' Official MV,"601,385","11,222"
272,-63,Semicenk - Mesafe,"600,804","4,815"
273,-29,Nirvana - Smells Like Teen Spirit (Official Music Video),"599,505","3,715"
274,-11,"Ram Siya Ram (Lyrical) Adipurush | Prabhas | Sachet-Parampara,Manoj Muntashir S |Om Raut | Bhushan K","598,850","4,606"
275,-53,Adele - Someone Like You (Official Music Video),"598,394","2,239"
276,-7,Bad Bunny - WHERE SHE GOES (Video Oficial),"598,083","2,265"
277,+56,"Grupo Frontera, Manuel Turizo - DE LUNES A LUNES (Video Oficial)","597,494","2,446"
278,-12,Belanova - Rosa Pastel,"596,785","2,447"
279,-41,Jennifer Lopez - On The Floor ft. Pitbull,"592,692","2,304"
280,+76,Luan Pereira ft. @GustavoMioto - Moletom (Oficial),"591,227","2,282"
281,-55,Eminem - Love The Way You Lie ft. Rihanna,"591,062","2,384"
282,+106,Maiara e Maraisa - Narcisista - Ao Vivo em Portugal,"590,229","2,327"
283,-11,MOUH MILANO - MAFIHACH (Official Music Video) | ÙÙØ­ ÙÙÙØ§ÙÙ,"588,778","6,132"
284,+52,Daddy Yankee & Snow - Con Calma (Video Oficial),"587,903","2,040"
285,-21,Dr. Dre - Still D.R.E. ft. Snoop Dogg,"587,757","3,605"
286,+52,MC Paiva - 01 NÃ£o Ã© 02 (Love Funk) DJ AK Beats,"586,861","1,837"
287,-11,Jain - Makeba (Official Video),"585,911","4,982"
288,-9,ITZY âCAKEâ M/V @ITZY,"584,971","6,286"
289,-46,Billie Eilish - What Was I Made For? (Official Music Video),"583,949","8,291"
290,+85,ZÃ© Neto e Cristiano - Um MÃªs e Pouco - #Escolhas,"580,773","1,187"
291,+34,NUEVA VIDA (Lyric Video) - Peso Pluma,"579,777","1,739"
292,+11,Elton John - Sacrifice,"579,755","1,950"
293,+24,Ice Spice - Deli,"578,694","3,656"
294,+43,Cyndi Lauper - Girls Just Want To Have Fun (Official Video),"578,000","2,522"
295,+107,Peso Pluma - Bye (Video Oficial),"575,680","1,786"
296,+36,KAROL G - OKI DOKI (Visualizer),"575,514","1,826"
297,+114,"LUAN PEREIRA, @MCRyanSP - ELA PIROU NA DODGE RAM (OFICIAL)","573,930","1,829"
298,+16,"Where You Are (From ""Moana""/Sing-Along)","572,673","2,249"
299,-26,"''Banco do Carona'' - Don Juan, Marks, Joaozinho VT, Kako, Robs, Gabb e Vine 7 (GR6 Explode) DJ Boy","571,081","2,519"
300,+71,"Becky G, Peso Pluma - Chanel (Official Video)","571,027","2,101"
301,-18,Justin Bieber - Baby ft. Ludacris,"570,764","4,005"
302,-52,Ed Sheeran - Thinking Out Loud (Official Music Video),"567,126","1,924"
303,-102,"Yaad (Official Video) | Chann, Cheetah | Latest Punjabi Songs 2023 | T-Series","566,485","4,049"
304,-55,DJ Snake - Let Me Love You ft. Justin Bieber,"566,160","2,220"
305,+42,"KAROL G, Maldy - GatÃºbela (Official Video)","565,412",890
306,+91,Natanael Cano - Pacas De Billetes,"564,858","1,635"
307,+41,Mon Laferte - Tu Falta De Querer (En Vivo),"564,195",963
308,+19,6ix9ine - Pa Ti (feat. Yailin La MÃ¡s Viral) (Official Music Video),"562,999","1,283"
309,+150,ManÃ¡ & Alejandro FernÃ¡ndez - Mariposa Traicionera (Video Oficial),"561,484",675
310,-64,Sia - Unstoppable (Official Video - Live from the Nostalgic For The Present Tour),"560,017","2,842"
311,+17,Abba - Dancing Queen (Official Music Video Remastered),"559,756","2,053"
312,+3,Maan Meri Jaan | Official Music Video | Champagne Talk | King,"556,662","2,583"
313,+38,"Lauv - Steal The Show (From ""Elemental"")","555,878","2,795"
314,+128,Fuerza Regida X Edgardo NuÃ±ez - Billete Grande (En Vivo 2022),"554,517","1,034"
315,+63,"Nicki Nicole, Milo J - DISPARA *** (Official Video)","553,309","1,996"
316,+30,"ArcÃ¡ngel, Sech - Sigues Con Ãl (Video Oficial)","552,917",632
317,-52,Stephen Sanchez - Until I Found You,"549,139","4,321"
318,+11,"TINI, Maria Becerra - MiÃ©nteme (Video Oficial)","548,871","1,017"
319,+82,"Carin LeÃ³n x Camilo - Ni Me Debes, Ni Te Debo [Official Video]","548,758","1,449"
320,+50,"Anuel AA, Mambo Kingz, DJ Luian - Mas Rica Que Ayer (Video Oficial)","548,730","1,533"
321,-76,Rihanna - Diamonds,"548,349","4,676"
322,-25,Lil Durk - All My Life ft. J. Cole (Official Video),"547,549","3,735"
323,-110,Miley Cyrus - Used To Be Young (Official Video),"546,116","8,533"
324,+129,Eden MuÃ±oz - Chale (Video Oficial),"544,029",918
325,-72,Christina Perri - A Thousand Years [Official Music Video],"543,456","3,016"
326,+9,BAD BUNNY x JHAY CORTEZ - DÃKITI (Video Oficial),"541,659",951
327,-60,The Weeknd - Starboy ft. Daft Punk (Official Video),"541,612","3,104"
328,-5,AC/DC - Thunderstruck (Official Video),"541,584","2,528"
329,-5,R.E.M. - Losing My Religion (Official Music Video),"541,432","1,746"
330,+138,"Los Ãngeles Azules, NICKI NICOLE - Otra Noche","540,652",761
331,-43,The Cranberries - Zombie (Official Music Video),"540,341","2,246"
332,-37,Arctic Monkeys - Do I Wanna Know? (Official Video),"539,973","2,909"
333,-12,"Phir Aur Kya Chahiye| Zara Hatke Zara Bachke| Vicky K, Sara Ali K, Arijit Singh,Sachin-Jigar,Amitabh","537,771","2,941"
334,+71,KAROL G - Mientras Me Curo Del Cora (Official Video),"536,854","1,177"
335,+23,"Luis Miguel - ""Ahora te puedes marchar"" (Video Oficial)","536,497","1,221"
336,-38,Amy Winehouse - Back To Black,"535,478","2,507"
337,-21,"Aradhya - Lyrical | Kushi | Vijay Deverakonda, Samantha | Hesham Abdul Wahab| Sid Sriram | Chinmayi","534,514","2,914"
338,-67,IVE ìì´ë¸ 'I AM' MV,"533,535","2,625"
339,+91,"MC Pedrinho - Gol Bolinha, Gol Quadrado 2 (GR6 Explode) DJ 900","530,122","1,511"
340,+68,Jux Ft Diamond Platnumz - Enjoy (Official Video),"530,067","2,500"
341,-30,Akon - Smack That (Official Music Video) ft. Eminem,"529,602","3,288"
342,+49,"Kany GarcÃ­a, Carin Leon - Te Lo Agradezco (Official Video)","529,522","2,070"
343,-41,Taylor Swift - Cruel Summer (Official Audio),"526,333","3,334"
344,-63,Dua Lipa - Levitating Featuring DaBaby (Official Music Video),"526,052","1,897"
345,NEW,Eu Sou O Gummy Bear - Gummy Bear Song Brazilian Osito Gominola Brazil Som Livre Brasil,"525,894",999
346,+3,"KAROL G, Young Miko - DISPO (Visualizer)","525,526","1,741"
347,-61,Maroon 5 - Sugar (Official Music Video),"525,420","2,016"
348,+131,Junior H x Peso Pluma x Gabito Ballesteros - El Tsurito [En Vivo],"525,267","1,191"
349,-15,"The Kid LAROI, Justin Bieber - STAY (Official Video)","523,304","2,666"
350,+46,SHAKIRA || BZRP Music Sessions #53,"522,860","1,506"
351,-74,Piso 21 - DÃ©jala Que Vuelva (feat. Manuel Turizo) [Video Oficial],"519,937",630
352,NEW,Benom guruhi - Sevmasam degandim | ÐÐµÐ½Ð¾Ð¼ Ð³ÑÑÑÑÐ¸ - Ð¡ÐµÐ²Ð¼Ð°ÑÐ°Ð¼ Ð´ÐµÐ³Ð°Ð½Ð´Ð¸Ð¼,"519,549","23,714"
353,+72,LADY GAGA,"517,932","3,714"
354,-15,Chris Brown - Under The Influence (Official Video),"517,847","2,261"
355,+73,Jawan: Hayyoda (Tamil) | Shahrukh Khan | Atlee | Anirudh | Nayanthara | Vijay S | Priya Mali | Vivek,"517,775","7,452"
356,-74,The Chainsmokers - Closer (Lyric) ft. Halsey,"517,297","1,987"
357,-17,SZA - Snooze (Audio),"517,105","1,372"
358,-14,Una Lady Como TÃº - MTZ Manuel Turizo | Video Oficial,"516,783","1,036"
359,-50,"Lady Gaga, Bradley Cooper - Shallow (from A Star Is Born) (Official Music Video)","515,726","1,290"
360,+61,4K Video - Pawan Singh - à¤§à¤¨à¥ à¤¹à¥ à¤¸à¤¬ à¤§à¤¨ | Shivani Singh | Dhani Ho Sab Dhan | Bhojpuri Song 2023,"514,952","1,350"
361,+31,Semicenk feat. DoÄu Swag - PiÅman DeÄilim (prod. by BÃ¼ken),"514,786","1,049"
362,+18,"Nicki Nicole, Young Miko - 8 AM (Official Video)","513,490","1,821"
363,+59,KAROL G - BICHOTA (Official Video),"513,276",755
364,-193,V 'Rainy Days' Official MV,"512,614","13,582"
365,+55,Chayanne - Bailando Bachata (Official Video),"512,158","1,812"
366,-40,"Tujh Mein Rab Dikhta Hai Song | Rab Ne Bana Di Jodi | Shah Rukh Khan, Anushka Sharma | Roop Kumar","511,346","2,340"
367,+78,"Becky G, Bad Bunny - Mayores (Official Video)","510,520","1,492"
368,-23,Dwayne Johnson - You're Welcome (from Moana/Official Video),"510,330","1,151"
369,NEW,JaidynAlexis Post Opp ft Blueface [Official Music Video],"509,584","6,515"
370,+129,Grupo Frontera x Grupo Marca Registrada - Di Que Si (Video Oficial),"508,741","1,084"
371,+86,KAROL G - 200 Copas (Official Video),"507,727",855
372,-30,Glass Animals - Heat Waves (Official Video),"507,237","2,888"
373,-95,Ø¯Ø±Ø¨ Ø§ÙØ¹Ø´Ù | ÙØ­ÙØ¯ Ø§ÙØ¬ÙØ§ÙÙ | Ø§ÙÙØ´Ø§ÙØ© 1445 ÙÙ 2023 Ù,"506,923","6,188"
374,+128,Yahritza Y Su Esencia & Grupo Frontera - FrÃ¡gil (Official Video),"506,919","2,413"
375,+133,Christian Nodal - AdiÃ³s Amor (Video Oficial),"506,896","1,072"
376,+64,Marc Anthony - Flor PÃ¡lida (Official Video),"506,865","1,125"
377,+2,"Young K ""nothing but(ì´ê²ë°ìë ìë¤)"" M/V","505,818","1,103"
378,-68,Bruno Mars - Just The Way You Are (Official Music Video),"505,686","2,283"
379,+53,Ð¯ ÐÐ¸ÑÐºÐ° ÐÑÐ¼Ð¼Ð¸ ÐÐµÑ HD - Long Russian Version - 10th Anniversary Gummy Bear Song,"505,257",484
380,-76,Keane - Somewhere Only We Know (Official Music Video),"505,178","3,879"
381,+3,Bon Jovi - Livin' On A Prayer,"504,305","2,129"
382,-97,David Guetta - Titanium ft. Sia (Official Video),"503,587","1,705"
383,+120,"Christian Nodal, Ãngela Aguilar - Dime CÃ³mo Quieres (Video Oficial)","501,000","1,006"
384,-17,"ROSALÃA, Rauw Alejandro - BESO (Official Video)","500,772","1,636"
385,+79,"Pedro CapÃ³, Farruko - Calma (Remix - Official Video)","498,797","1,243"
386,-64,Imagine Dragons - Thunder,"496,967","1,879"
387,-56,GABRIELA ROCHA - ME ATRAIU (AO VIVO),"496,692","2,421"
388,+16,Ice Spice & Nicki Minaj - Princess Diana (Official Music Video),"496,595","2,909"
389,-16,Backstreet Boys - I Want It That Way (Official HD Video),"496,396","2,172"
390,-8,Guns N' Roses - Sweet Child O' Mine (Official Music Video),"495,371","2,467"
391,+53,"Santa Fe Klan, Neto PeÃ±a, Yoss Bones - Debo Entender","495,296","1,695"
392,-24,Ahmed Saad Ft. @therubyegy  - Ya Layaly | Official Music Video - 2023 | Ø§Ø­ÙØ¯ Ø³Ø¹Ø¯ Ù Ø±ÙØ¨Ù - ÙØ§ ÙÙØ§ÙÙ,"495,224","2,242"
393,-92,Stray Kids ãSocial Path (feat. LiSA)ã Music Video,"495,174","12,963"
394,-33,Queen â Bohemian Rhapsody (Official Video Remastered),"494,333","2,768"
395,+12,FROZEN | Let It Go Sing-along | Official Disney UK,"494,009","1,316"
396,-76,ì êµ­ (Jung Kook) 'Seven (feat. Latto)' Official Performance Video,"494,009","6,549"
397,-42,Akon - Lonely (Official Music Video),"493,682","4,253"
398,+2,Shakira - Hips Don't Lie (Official 4K Video) ft. Wyclef Jean,"492,468","2,136"
399,+7,Sean Kingston - Beautiful Girls (Official HD Video),"491,505","2,218"
400,+249,MarÃ­lia MendonÃ§a & Maiara e Maraisa - CoraÃ§Ã£o Bandido (Official Music Video),"490,995",864
401,-8,Lil Nas X - Old Town Road (Official Video) ft. Billy Ray Cyrus,"490,586","2,935"
402,+105,Tere Ishq Mein Naachenge | Raja Hindustani | Aamir | Karishma | Kumar Sanu | Alisha | Sapna,"490,570","2,234"
403,-14,Fugees - Killing Me Softly With His Song (Official Video),"490,508","2,190"
404,-314,Gusttavo Lima - Oficializar Part. Maiara & Maraisa | DVD ParaÃ­so Particular,"490,317","1,187"
405,+7,Burak Bulut & KurtuluÅ KuÅ - Manolya,"490,097",837
406,+134,ZÃ© Neto e Cristiano - Me Bloqueia - #Escolhas,"488,944",603
407,+22,Taylor Swift - You Belong With Me,"488,125","2,891"
408,-21,Taylor Swift - Shake It Off,"487,139","2,671"
409,+108,Bad Bunny - TitÃ­ Me PreguntÃ³ (Video Oficial) | Un Verano Sin Ti,"486,309","1,395"
410,-56,Sia - Cheap Thrills (Performance Edit),"483,533","1,863"
411,+20,#Video - #Pawan Singh - à¤°à¤¾à¤à¤¾à¤à¥ à¤à¥ à¤¦à¤¿à¤²à¤µà¤¾ | #Shivani Singh | Rajaji Ke Dilwa | New Bhojpuri Song 2023,"482,672","1,969"
412,-94,Coldplay - Paradise (Official Video),"481,540","1,610"
413,+71,Natanael Cano - Mas Altas Que Bajadas,"480,715","1,661"
414,-28,Rick Astley - Never Gonna Give You Up (Official Music Video),"480,625","4,023"
415,-85,Melendi - Destino o Casualidad ft. Ha*Ash,"480,177",840
416,-6,"J Balvin, Willy William - Mi Gente (Official Video)","479,373","1,628"
417,-123,OXE  - Cleber & Cauan e Diego & Victor Hugo,"478,896",794
418,-53,P!nk - Just Give Me A Reason ft. Nate Ruess,"477,210","1,007"
419,+427,ð El GALLO y LA PATA REMIX ð¦ LA GRANJA DE ZENÃN ð¨ð»âð¾ CANCIÃN ESTRENO ðµ PARA NIÃOS,"476,141",493
420,+29,Rema - Calm Down (Official Music Video),"475,886","2,361"
421,+25,Young Miko - wiggy,"474,944","3,727"
422,+63,"Dalex - Hola Remix ft. Lenny TavÃ¡rez, Chencho Corleone, Juhn ""El All Star"" (Video LÃ­rico Oficial)","474,568",944
423,-66,Anne-Marie & James Arthur - Rewrite The Stars [from The Greatest Showman: Reimagined],"473,778","2,461"
424,+45,Latto - Put It On Da Floor Again (feat. Cardi B) [Official Video],"473,717","1,769"
425,-112,Coldplay - Yellow (Official Video),"473,093","1,998"
426,+108,Peso Pluma - Por Las Noches (Video Oficial),"472,304","1,534"
427,+31,Coke Studio | Season 14 | Pasoori | Ali Sethi x Shae Gill,"471,870","1,553"
428,-166,ETA,"471,356","2,029"
429,+21,Ana Castela - TÃ´ Voltando (DVD Boiadeira Internacional),"471,313","2,472"
430,+6,Bibi Babydoll e DJ Brunin XM - Automotivo Bibi Fogosa (Clipe Oficial),"470,503","6,948"
431,-46,The Black Eyed Peas - Where Is The Love? (Official Music Video),"469,556","1,482"
432,+16,QUEVEDO || BZRP Music Sessions #52,"469,391","1,300"
433,+8,Gianluca Grignani - Mi Historia Entre Tus Dedos (HD),"469,296","1,125"
434,-71,MAGIC! - Rude (Official Video),"467,917","1,813"
435,-20,BLACKPINK - âëëëë (DDU-DU DDU-DU)â M/V,"466,344","2,722"
436,-2,Bon Jovi - It's My Life (Official Music Video),"463,919","2,109"
437,+29,Bad Bunny - Moscow Mule (Video Oficial) | Un Verano Sin Ti,"463,383",824
438,+17,Starship - Nothing's Gonna Stop Us Now (Official Music Video) [HD],"462,716","1,581"
439,-86,"Smoke (Prod. Dynamicduo, Padi)","462,425","4,566"
440,+11,Arabic Kuthu - Video Song | Beast | Thalapathy Vijay | Pooja Hegde | Sun Pictures | Nelson | Anirudh,"461,224","1,628"
441,+35,TINI - Cupido (Video Oficial),"460,774",758
442,-47,Bruno Mars - When I Was Your Man (Official Music Video),"460,424","2,421"
443,-34,David Guetta & Bebe Rexha - I'm Good (Blue) [Live Performance],"460,164","1,427"
444,-31,Clean Bandit - Rockabye (feat. Sean Paul & Anne-Marie) [Official Video],"459,810","1,640"
445,-6,"Baby - O Rendu Prema Meghaalila | Anand Deverakonda,Vaishnavi, Viraj| Vijai Bulganin,Sai Rajesh, SKN","459,660","2,163"
446,-127,BeyoncÃ© - Halo,"457,853","1,604"
447,-48,Mary J. Blige - Family Affair (Official Music Video),"457,021","2,157"
448,+71,"Vaa Vaathi Full Video Song | Vaathi Movie | Dhanush, Samyuktha | GV Prakash Kumar | Venky Atluri","456,846","1,424"
449,+131,TQM,"456,361","2,032"
450,-78,"Jhayco, Peso Pluma - Ex-Special (Official Video)","455,804","4,080"
451,-34,Audioslave - Like a Stone (Official Video),"455,378","1,509"
452,+2,Dire Straits - Sultans Of Swing (Official Music Video),"454,666","1,675"
453,-101,Fifth Harmony - Work from Home (Official Video) ft. Ty Dolla $ign,"453,055","1,759"
454,NEW,"La Konga, Matias Valdez - LATIDOS (Video Oficial)","452,166",290
455,NEW,Sahan Bina (Official Video) Arshdeep Sandhu | New Punjabi Songs 2023 | Jass Records,"451,895","4,433"
456,-23,Nelly Furtado - Say It Right (Official Music Video),"451,644","1,744"
457,-41,twenty one pilots: Heathens (from Suicide Squad: The Album) [OFFICIAL VIDEO],"451,481","2,203"
458,+62,Maria Becerra - OJALA (Official Video),"451,211",703
459,+22,"Enrique Iglesias - Bailando ft. Descemer Bueno, Gente De Zona","450,154","1,659"
460,+50,"Tum Tum - Video Song | Enemy (Tamil) | Vishal,Arya | Anand Shankar | Vinod Kumar | Thaman S","449,407","1,205"
461,+144,Fuerza Regida X Peso Pluma - Igualito A Mi ApÃ¡ [Oficial Video],"448,707","1,055"
462,-39,Pharrell Williams - Happy (Video),"446,204","2,870"
463,-65,Charlie Puth - Attention [Official Video],"445,576","2,084"
464,NEW,"Zeyna NDOUR & Viviane Chidid & PHILIPPE NDOUR  - "" SURPRISE ""","445,237","22,981"
465,+297,Banda Los Recoditos - Mi Ãltimo Deseo (Video Oficial),"444,738",962
466,+27,Danny Ocean -  Me RehÃºso (Official Audio),"444,064",606
467,+38,Dil Laga Liya - Full Video | Dil Hai Tumhaara | Preity & Arjun Rampal | Alka Yagnik & Udit Narayan,"443,463","1,850"
468,-49,Olivia Rodrigo - vampire (Official Video),"443,207","5,210"
469,-51,(Everything I Do) I Do It For You (Official Music Video),"442,974","1,666"
470,-463,The Rolling Stones - Angry (Official Video),"442,721","12,799"
471,+132,JEON SOMI (ì ìë¯¸) - âGold Gold Goldâ M/V,"442,624",0
472,+103,Henrique e Juliano - TRAUMATIZEI - DVD To Be Ao Vivo Em BrasÃ­lia,"441,936",523
473,+15,Britney Spears - ...Baby One More Time (Official Video),"441,610","1,846"
474,+54,"KAROL G, Mariah Angeliq - EL MAKINON (Official Video)","441,360",787
475,-106,Selena Gomez - Single Soon (Official Music Video),"440,048","8,544"
476,+48,Don Omar - Taboo,"439,677","1,148"
477,-87,Coldplay - Hymn For The Weekend (Official Video),"439,569","2,464"
478,-40,"Shawn Mendes, Camila Cabello - SeÃ±orita","439,498","1,815"
479,-7,BLACKPINK - 'ë¶ë°ì¼ (BOOMBAYAH)' M/V,"435,386","2,650"
480,+119,Grupo Firme -  Luis Mexia - Calidad (Video Oficial),"435,026",926
481,+62,"LAGUNAS (Lyric Video) - Peso Pluma, Jasiel NuÃ±ez","434,561","1,298"
482,-45,The Weeknd - The Hills,"432,418","2,088"
483,+48,Anuel AA - 23 Preguntas (Video Oficial),"432,363","1,532"
484,+55,Boney M. - Rasputin (Sopot Festival 1979),"432,135","2,125"
485,+346,COLADIN (MINHA DEUSA) - ZÃ VAQUEIRO (VÃ­deo Oficial),"431,384","1,358"
486,+304,Gusttavo Lima - Termina Comigo Antes  (Ao Vivo em Porto Alegre),"431,157",620
487,+8,Gorillaz - Clint Eastwood (Official Video),"431,100","2,917"
488,-428,Farak (Official Video) | Khushi Pandher | Latest Punjabi Songs 2023,"429,567",405
489,+147,Grupo Firme  - Alejandro Fernandez - Felicidades (Video Oficial),"429,462",873
490,-7,"Naacho Naacho (Full Video) RRR - NTR, Ram Charan | M M Kreem | SS Rajamouli | Vishal Mishra & Rahul","428,844","1,237"
491,-30,James Arthur - Say You Won't Let Go,"428,612","1,534"
492,-237,Jugni (Official Video) | Mitti | Folk Vibes of Punjab | Latest Punjabi Songs 2023,"426,753",33
493,+98,Jawan: Vandha Edam Song |Shah Rukh Khan |Atlee |Anirudh |Nayanthara |Vijay Sethupathi |Deepika,"425,591","4,702"
494,-59,NewJeans (ë´ì§ì¤) 'OMG' Official MV (Performance ver.1),"425,434","2,245"
495,-21,Ariana Grande - 7 rings (Official Video),"425,423","1,508"
496,-134,"à¤¸à¤à¤à¤à¤®à¥à¤à¤¨ à¤¹à¤¨à¥à¤®à¤¾à¤¨ à¤à¤·à¥à¤à¤, Sankat Mochan Hanuman Ashtak,HARIHARAN,Hindi, English Lyrics, Hanuman Chalisa","424,539","1,310"
497,-50,Justin Bieber - Sorry (PURPOSE : The Movement),"423,074","1,647"
498,+90,Farruko - Pepas (Official Video),"422,117","1,963"
499,+27,Marc SeguÃ­ - Tiroteo Remix ft. Rauw Alejandro y Pol Granch (Videoclip Oficial),"421,386","1,744"
500,-136,ã¢ã¤ãã«,"421,310","2,227"
